name,lr,psnr,payload
baboon,2,51.829247617481265,524288
baboon,3,34.48984888450351,835596
baboon,4,32.975135802330456,2095142
