name,lr,psnr,payload
house,2,51.803005087811044,524288
house,3,30.379037030126458,1401996
house,4,32.94561116229236,2057576
