name,lr,psnr,payload
Jet,2,51.816674251535495,524288
Jet,3,30.682971911001253,1406948
Jet,4,33.1515768356067,2035964
