name,lr,psnr,payload
Lena,2,51.83099500275101,524288
Lena,3,37.85527837660778,698636
Lena,4,32.96287811190292,2082176
