name,lr,psnr,payload
Peppers,2,51.55085422309273,524288
Peppers,3,33.38142115744382,926232
Peppers,4,34.920131856539115,1523582
