name,lr,psnr,payload
sailboat,2,51.81341087233704,524288
sailboat,3,32.509615984840735,1036276
sailboat,4,34.97074225720405,1499684
