name,lr,psnr,payload
San_Francisco,2,45.04099358405636,1048576
San_Francisco,3,39.068006090153865,1572864
San_Francisco,4,33.14442639663322,2097152
