name,lr,psnr,payload
splash,2,51.783753276545006,524288
splash,3,38.563856893510696,682880
splash,4,35.501125186875775,1413740
