name,lr,psnr,payload
Tiffany,2,51.143003665847466,524288
Tiffany,3,29.75713351056404,1527260
Tiffany,4,34.33479720736954,1583168
