name,lr,psnr,payload
tree,2,45.087150110223845,1047768
tree,3,39.04373768612973,1571248
tree,4,32.959436315188874,2094728
