name,lr,psnr,payload
San_Francisco,2,46.55583929003143,1048576
San_Francisco,3,40.706668052686084,1572864
San_Francisco,4,34.72262496573916,2097152
