name,lr,psnr,payload
tree,2,46.62952431491067,1048568
tree,3,40.7868342787867,1572848
tree,4,34.79137219994713,2097128
