name,lr,psnr,payload
jet,2,51.12834363400892,1031938.0
jet,3,44.9351837714103,1547496.0
jet,4,38.858999739234285,2055872.0
