name,lr,psnr,payload
jet,2,45.73272716474099,1027390.0
jet,3,39.12605257840869,1538493.0
jet,4,33.31500216892277,2049844.0
