name,lr,psnr,payload
San_Francisco,2,51.21668454868268,1048576
San_Francisco,3,45.03958405187017,1572864
San_Francisco,4,39.07755101560272,2097152
