name,lr,psnr,payload
bean,2,51.226428075973786,1047768.0
bean,3,45.07792869361169,1571648.0
bean,4,39.02945540998764,2095528.0
