name,lr,psnr,payload
baboon,2,45.07902799470551,1048284.0
baboon,3,39.012448670787585,1572153.0
baboon,4,32.97329719849985,2095712.0
