name,lr,psnr,payload
house,2,45.120865380367256,1035924.0
house,3,39.01625311687879,1550424.0
house,4,32.916882140748065,2066126.0
