name,lr,psnr,payload
Jet,2,45.116068717130446,1030350.0
Jet,3,39.103874735467706,1540764.0
Jet,4,33.07590477517917,2056360.0
