name,lr,psnr,payload
Peppers,2,46.017905253068065,876468.0
Peppers,3,40.12713746519133,1269093.0
Peppers,4,34.16356393545942,1674122.0
