name,lr,psnr,payload
sailboat,2,46.05363428480385,858604.0
sailboat,3,40.06091238208904,1278515.0
sailboat,4,33.99501452277464,1693544.0
