name,lr,psnr,payload
splash,2,46.12069235515334,848034.0
splash,3,40.14423682154557,1252413.0
splash,4,34.240077155296106,1641544.0
