name,lr,psnr,payload
tree,2,45.07950936835091,1047768.0
tree,3,39.04101285065466,1571648.0
tree,4,32.95643406676998,2095528.0
